vector_db,embedding_model,chunk_size,chunk_overlap,llm,ingest_time,ingest_memory,search_time,search_memory,compute_proc_type,query,search_results
chroma,hkunlp/instructor-xl,200,0,llama3.2:latest,275.8054988384247,520.8125,4.888769149780273,-575.875,arm64,What is Acid compliance?,"Based on the context provided, I don't know what Acid compliance refers to in this query. However, based on general knowledge, Acid compliance typically refers to ""acidic"" databases that are designed to follow the ACID (Atomicity, Consistency, Isolation, Durability) principles.

But since none of the documents mentioned have information about acid compliance, I'm going to take a guess that it's not relevant to these specific context."
chroma,hkunlp/instructor-xl,200,0,llama3.2:latest,275.8054988384247,520.8125,2.4457778930664062,117.546875,arm64,How do you rotate a tree with a RL case?,I don't know.
chroma,hkunlp/instructor-xl,200,0,llama3.2:latest,275.8054988384247,520.8125,4.7716217041015625,-280.59375,arm64,What is a mongodb query to add a filter to a specific data value?,"Based on the provided context, I believe you are asking about MongoDB queries.

To add a filter to a specific data value in MongoDB, you can use the `$eq` operator in your query. Here's an example:

```javascript
db.collection.find({ field: { $eq: ""specificValue"" } });
```

This query will find all documents where the `field` has the value of `""specificValue""`.

If you want to search for a specific value within a text field (e.g., storing strings), it's recommended to use the `$regex` and `$options` operators:

```javascript
db.collection.find({ field: { $regex: ""pattern"", $options: ""i"" } });
```

Replace `""pattern""` with your desired pattern, such as `""/specificValue/""`.

Note that this query will match documents where the `field` contains the specified value."
chroma,hkunlp/instructor-xl,200,0,llama3.2:latest,275.8054988384247,520.8125,3.62153697013855,49.421875,arm64,What is the advantage of using json in document databases?,"I don't know. The provided context does not mention JSON or its use in document databases. It appears to discuss graph data models and document databases, but it doesn't provide information about the advantages of using JSON. If you have more context or clarify the question, I'll be happy to try and help further!"
chroma,hkunlp/instructor-xl,200,0,llama3.2:latest,275.8054988384247,520.8125,1.3363418579101562,-58.625,arm64,How are collisions handled in a hash table?,"I don't know. The provided context does not mention hash tables or collision handling. It appears to be related to graph data models and document databases, but the query is about a different topic altogether."
chroma,hkunlp/instructor-xl,200,50,llama3.2:latest,282.22774600982666,746.71875,3.4123260974884033,-469.921875,arm64,What is Acid compliance?,"I don't know. The provided context appears to be related to graph data models and algorithms, but it doesn't mention anything about ""Acid compliance"". If you could provide more context or clarify what you mean by ""Acid compliance"", I'd be happy to try and help further."
chroma,hkunlp/instructor-xl,200,50,llama3.2:latest,282.22774600982666,746.71875,3.5172481536865234,31.4375,arm64,How do you rotate a tree with a RL case?,"I don't know how to rotate a tree with a RL (Reward Learning) case as the provided context does not seem relevant to the query. The context appears to be related to graph data models, specifically sparse and dense graphs, Breadth-First Search (BFS), Depth-First Search (DFS), and shortest path algorithms. There is no mention of rotating trees or Reward Learning in the context."
chroma,hkunlp/instructor-xl,200,50,llama3.2:latest,282.22774600982666,746.71875,3.397426128387451,-116.953125,arm64,What is a mongodb query to add a filter to a specific data value?,"Based on the provided context, I don't have any information about MongoDB queries or adding filters to data values.

However, I can suggest that you may be looking for something like this:

`db.collection.find({ field: { $eq: ""specificValue"" } })`

This is a simple MongoDB query that finds documents where the value of the specified field is equal to `specificValue`.

If you need more complex filtering or additional operators (e.g., `$ne`, `$gt`, `$lt`, etc.), please let me know and I'll try to help further."
chroma,hkunlp/instructor-xl,200,50,llama3.2:latest,282.22774600982666,746.71875,1.0739450454711914,1.953125,arm64,What is the advantage of using json in document databases?,"I don't know. The provided context appears to be related to graph data models and algorithms, but it does not mention JSON or document databases."
chroma,hkunlp/instructor-xl,200,50,llama3.2:latest,282.22774600982666,746.71875,1.390685796737671,-65.859375,arm64,How are collisions handled in a hash table?,"I don't know the answer to your question about hash tables, as the provided context appears to be related to graph data models and algorithms (BFS, DFS, Shortest Path), rather than data structures like hash tables."
chroma,hkunlp/instructor-xl,200,100,llama3.2:latest,362.1083118915558,908.671875,5.113152027130127,-595.046875,arm64,What is Acid compliance?,"Based on the provided context, I couldn't find any information about ""Acid compliance"" in the given documents. However, I can provide a general definition.

Acid compliance refers to the ability of a database system to ensure the consistency and reliability of data transactions, following the principles outlined in ACID (Atomicity, Consistency, Isolation, Durability) theory."
chroma,hkunlp/instructor-xl,200,100,llama3.2:latest,362.1083118915558,908.671875,3.0723791122436523,15.578125,arm64,How do you rotate a tree with a RL case?,"I don't know. The provided context appears to be related to NoSQL databases and graph data models, but it doesn't mention anything about rotating trees or reinforcement learning (RL)."
chroma,hkunlp/instructor-xl,200,100,llama3.2:latest,362.1083118915558,908.671875,6.4861040115356445,-575.390625,arm64,What is a mongodb query to add a filter to a specific data value?,"Based on the context, I don't see any information about MongoDB queries. However, I can provide you with a general syntax for adding a filter to a specific data value in MongoDB.

The syntax for adding a filter using the $eq operator would be:

```bash
db.collection.find({attribute: {$eq: ""specificValue""}})
```

For example, if you want to find all documents where the ""name"" field has a value of ""John"", the query would be:

```bash
db.collection.find({name: {$eq: ""John""}})
```

Please note that this is just an example and might not exactly match your specific use case. The actual query may vary depending on the structure of your data and the MongoDB version you're using.

If you have any more context or details about your specific use case, I'd be happy to try and help further!"
chroma,hkunlp/instructor-xl,200,100,llama3.2:latest,362.1083118915558,908.671875,10.353637933731079,-13.1875,arm64,What is the advantage of using json in document databases?,"Based on the context provided, I couldn't find any direct information about JSON specifically being mentioned in relation to document databases or its advantages. However, document databases like MongoDB are often described as NoSQL databases.

Document databases and JSON (JavaScript Object Notation) are often closely related since many document databases support storing data in JSON format due to its simplicity and flexibility.

In general, using JSON in a document database provides several benefits:

1. **Easy Data Representation**: JSON is human-readable, making it easier for developers to understand and manage the structure of their data.
2. **Flexibility**: JSON supports arrays, objects, and other complex data types, allowing users to store a wide range of data structures efficiently.
3. **Lightweight**: JSON is a lightweight format that does not require additional overhead compared to other formats like XML.

While not explicitly stated in the provided context, these benefits are generally associated with using JSON in document databases."
chroma,hkunlp/instructor-xl,200,100,llama3.2:latest,362.1083118915558,908.671875,7.74431300163269,120.4375,arm64,How are collisions handled in a hash table?,"Based on the provided context, I was able to find information about key-value databases, which often use hash tables. According to the ""05 - NoSQL Intro + KV DBs.pdf"" document (page 11), collisions in a hash table are typically handled using techniques such as:

* Chaining: storing colliding elements in a linked list
* Open addressing: probing other locations in the table to find an empty slot

I didn't find any specific information about collisions in a hash table from the ""Extended Notes - Introduction to the Graph Data Model.pdf"" or ""Mongo_DB_Shell_Cheat_Sheet_1a0e3aa962.pdf"" documents."
chroma,hkunlp/instructor-xl,500,0,llama3.2:latest,254.47776699066162,446.46875,4.681814908981323,-606.390625,arm64,What is Acid compliance?,"I don't know what you're referring to in relation to Acid Compliance, but I can tell you that Acid Compliance refers to a set of principles and standards for ensuring the reliability and consistency of distributed databases. It's typically used in relational database systems.

However, without more context or information about how the provided excerpts relate to Acid Compliance, it's difficult to provide a precise definition or explanation."
chroma,hkunlp/instructor-xl,500,0,llama3.2:latest,254.47776699066162,446.46875,5.224984645843506,167.453125,arm64,How do you rotate a tree with a RL case?,"I don't know. The context provided appears to be related to comparing the similarities between PDF files, but it does not mention anything about rotating trees or relational models. It seems like there is no relevant information in this context to answer your query about rotating a tree with an RL case."
chroma,hkunlp/instructor-xl,500,0,llama3.2:latest,254.47776699066162,446.46875,5.606861114501953,23.703125,arm64,What is a mongodb query to add a filter to a specific data value?,"Based on the provided context, I'd say I don't know the specifics of MongoDB queries. The context mentions Neo4j and its documentation, as well as some general information about graph databases, but it doesn't provide any information about MongoDB.

However, I can tell you that in MongoDB, filters are typically added using a query operator such as `$eq` for equality filtering, `$ne` for inequality filtering, or other operators depending on the data type and relationship. For example:

```mongodb
db.collection.find({ field: { $eq: ""value"" } })
```

This would filter the collection to only include documents where the `field` has the value `""value""`.

If you could provide more context or information about MongoDB queries, I'd be happy to try and help further!"
chroma,hkunlp/instructor-xl,500,0,llama3.2:latest,254.47776699066162,446.46875,7.2150819301605225,-86.34375,arm64,What is the advantage of using json in document databases?,"Based on the context provided, I don't have specific information about the advantages of using JSON in document databases. The provided texts seem to be excerpts from PDFs related to graph databases (Neo4j), document databases (Document DBs and Mongo), and a paper discussing moving beyond the relational model.

However, I can provide general information about JSON's role in document databases. JSON (JavaScript Object Notation) is often used as a data format for storing and retrieving documents in NoSQL databases like MongoDB. The advantages of using JSON include:

1. Human-readable: JSON is easy to read and write, making it simple to understand and work with.
2. Flexible: JSON supports various data types, such as strings, numbers, booleans, arrays, and objects, allowing for flexible data modeling.
3. Platform-independent: JSON can be used across different programming languages and platforms.

If you're looking for more specific information about document databases or JSON in particular, I'd be happy to try and help further."
chroma,hkunlp/instructor-xl,500,0,llama3.2:latest,254.47776699066162,446.46875,3.525491952896118,-108.65625,arm64,How are collisions handled in a hash table?,I don't know. The provided context appears to be about graph databases and does not mention hash tables or their collision handling mechanisms.
chroma,hkunlp/instructor-xl,500,50,llama3.2:latest,231.29085278511047,197.359375,3.2562248706817627,-104.328125,arm64,What is Acid compliance?,"I don't know the answer to your query about Acid compliance based on the provided context. The context appears to be related to graph databases (specifically Neo4j), key-value databases, and NoSQL databases in general, but it doesn't mention anything about Acid compliance."
chroma,hkunlp/instructor-xl,500,50,llama3.2:latest,231.29085278511047,197.359375,3.102349042892456,21.203125,arm64,How do you rotate a tree with a RL case?,"I don't know. The provided context seems to be related to NoSQL databases and graph data models, but it doesn't mention anything about rotating trees or reinforcement learning (RL). If you could provide more context or clarify what you mean by ""rotate a tree with a RL case"", I'll do my best to help."
chroma,hkunlp/instructor-xl,500,50,llama3.2:latest,231.29085278511047,197.359375,5.228945255279541,-31.625,arm64,What is a mongodb query to add a filter to a specific data value?,"Based on the provided context, it appears that you are working with MongoDB and its query syntax.

To add a filter to a specific data value in MongoDB, you can use the `$` symbol followed by the field name and then the comparison operator. Here's an example:

Let's say you want to find all documents where the ""author"" field is equal to ""Mark"":

```javascript
db[""myCollection""].find({ author: ""Mark"" });
```

If you want to filter on multiple fields, you can use the `and` keyword or provide a document object with the desired conditions:

```javascript
db[""myCollection""].find({
  author: ""Mark"",
  text: { $regex: ""^MongoDB is Cool!"" }
});
```

Or,

```javascript
db[""myCollection""].find({ 
  author: ""Mark"", 
  tags: { $in: [""mongodb"", ""python""] } 
});
```

These examples demonstrate how to add filters to specific data values in MongoDB."
chroma,hkunlp/instructor-xl,500,50,llama3.2:latest,231.29085278511047,197.359375,4.996402025222778,3.625,arm64,What is the advantage of using json in document databases?,"Based on the provided context, I don't have any specific information about the advantages of using JSON in document databases. The context appears to be related to NoSQL databases and graph data models, but it doesn't cover this particular topic.

However, I can tell you that JSON (JavaScript Object Notation) is a popular data format that can be used in many different types of databases, including document-oriented databases. In these types of databases, JSON's advantages include its ease of use, flexibility, and human-readability, making it well-suited for storing and querying semi-structured or unstructured data.

If you'd like more information on this topic, I'd be happy to try and help!"
chroma,hkunlp/instructor-xl,500,50,llama3.2:latest,231.29085278511047,197.359375,1.9630348682403564,12.296875,arm64,How are collisions handled in a hash table?,"Based on the provided context, I couldn't find any information about how collisions are handled in a hash table. The documents seem to be related to NoSQL databases and graph data models, but they don't cover traditional data structures like hash tables.

I'd say ""I don't know"" since there's no relevant information available in the given context."
chroma,hkunlp/instructor-xl,500,100,llama3.2:latest,209.68002462387085,1190.796875,1.7697529792785645,-684.5625,arm64,What is Acid compliance?,"I don't know. The provided context appears to be related to graph databases and data models, but it doesn't mention acid compliance."
chroma,hkunlp/instructor-xl,500,100,llama3.2:latest,209.68002462387085,1190.796875,0.48984599113464355,-443.578125,arm64,How do you rotate a tree with a RL case?,I don't know.
chroma,hkunlp/instructor-xl,500,100,llama3.2:latest,209.68002462387085,1190.796875,4.425292015075684,-130.046875,arm64,What is a mongodb query to add a filter to a specific data value?,"Based on the context, I don't have any information about MongoDB specifically. However, based on the general knowledge of NoSQL databases and graph databases like Neo4j, I can provide an answer.

In MongoDB, you can add a filter to a specific data value using the `$` symbol followed by the field name and the desired operator.

For example, if you want to find all documents where the `age` field is greater than 25, you would use the following query:

```bash
db.collection.find({ age: { $gt: 25 } })
```

This query uses the `$gt` operator to filter documents where the value of the `age` field is greater than 25.

Note that this syntax is similar to the searching chunk in the Foundations PDF, which mentions ""Search Key - A value for an attribute from the entity type""."
chroma,hkunlp/instructor-xl,500,100,llama3.2:latest,209.68002462387085,1190.796875,4.555728912353516,49.328125,arm64,What is the advantage of using json in document databases?,"Based on the provided context, I don't have enough information to accurately answer your query about the advantages of using JSON in document databases. The context mentions PDFs from ""Introduction to Graph Data Model"", ""Neo4j"", and ""Document DBs and Mongo"" but does not specifically cover document databases or JSON.

However, based on general knowledge, one common advantage of using JSON (JavaScript Object Notation) in document databases is its simplicity and ease of use. JSON is a lightweight data format that can be easily parsed and stored in NoSQL databases, making it a popular choice for storing semi-structured documents."
chroma,hkunlp/instructor-xl,500,100,llama3.2:latest,209.68002462387085,1190.796875,0.9632971286773682,4.328125,arm64,How are collisions handled in a hash table?,"I don't know. The context provided appears to be related to graph databases and data models, but it doesn't mention hash tables."
chroma,hkunlp/instructor-xl,1000,0,llama3.2:latest,196.364825963974,897.125,1.6076939105987549,-880.25,arm64,What is Acid compliance?,I don't know.
chroma,hkunlp/instructor-xl,1000,0,llama3.2:latest,196.364825963974,897.125,1.9903151988983154,73.09375,arm64,How do you rotate a tree with a RL case?,I don't know.
chroma,hkunlp/instructor-xl,1000,0,llama3.2:latest,196.364825963974,897.125,6.216187238693237,-107.296875,arm64,What is a mongodb query to add a filter to a specific data value?,"Based on the context provided, I'm assuming you're looking for MongoDB queries.

To add a filter to a specific data value in MongoDB, you can use the `$` operator followed by the operator and the value. Here are some examples:

- `$eq`: Equal to
  ```bash
db.collection.find({ field: { $eq: ""value"" } })
```

- `$gt`: Greater than
  ```bash
db.collection.find({ field: { $gt: ""value"" } })
```

- `$lt`: Less than
  ```bash
db.collection.find({ field: { $lt: ""value"" } })
```

- `$gte`: Greater than or equal to
  ```bash
db.collection.find({ field: { $gte: ""value"" } })
```

- `$lte`: Less than or equal to
  ```bash
db.collection.find({ field: { $lte: ""value"" } })
```

- `$ne`: Not equal to
  ```bash
db.collection.find({ field: { $ne: ""value"" } })
```

You can also use these operators with an array of values.

Please note that the operator name and usage may vary slightly depending on your MongoDB version."
chroma,hkunlp/instructor-xl,1000,0,llama3.2:latest,196.364825963974,897.125,1.3303050994873047,6.0625,arm64,What is the advantage of using json in document databases?,"I don't know. The provided context appears to be about text analysis and comparing similarities between documents, but it does not mention JSON or its use in document databases."
chroma,hkunlp/instructor-xl,1000,0,llama3.2:latest,196.364825963974,897.125,1.0768868923187256,0.984375,arm64,How are collisions handled in a hash table?,"I don't know. The provided context appears to be related to data replication and graph data models, but it doesn't mention hash tables or their collision handling mechanisms."
chroma,hkunlp/instructor-xl,1000,50,llama3.2:latest,224.76902198791504,879.4375,3.841346025466919,-829.53125,arm64,What is Acid compliance?,"Based on the provided context, I couldn't find any information about ""Acid compliance"". However, I can tell you that the context mentions concepts like BFS (Breadth-First Search), DFS (Depth-First Search), Distributed Storage, and the CAP Theorem.

If you could provide more context or clarify what ""Acid compliance"" refers to, I'd be happy to try and assist you further."
chroma,hkunlp/instructor-xl,1000,50,llama3.2:latest,224.76902198791504,879.4375,3.374490976333618,7.0625,arm64,How do you rotate a tree with a RL case?,"I don't know. The provided context appears to be related to graph data models and distributed storage systems, but it doesn't mention rotating trees or any specific algorithm for doing so. Therefore, I'm unable to provide an accurate answer to your query."
chroma,hkunlp/instructor-xl,1000,50,llama3.2:latest,224.76902198791504,879.4375,4.381864070892334,32.5625,arm64,What is a mongodb query to add a filter to a specific data value?,"Based on the provided context, I don't have any direct information about MongoDB queries or adding filters to specific data values. However, according to my general knowledge, in MongoDB, you can use the `$eq` operator to filter data based on a specific condition.

For example, if you want to add a filter to a specific data value, say `title`, you can use the following query:

```
db.collection.find({ title: { $eq: ""specificValue"" } })
```

Replace `""specificValue""` with the actual value you want to filter on. This will return all documents in the collection where the `title` field matches the specified value.

Please note that this is just a general answer, and I may not have specific information about your use case or the exact MongoDB version you're using."
chroma,hkunlp/instructor-xl,1000,50,llama3.2:latest,224.76902198791504,879.4375,1.7329940795898438,0.078125,arm64,What is the advantage of using json in document databases?,"I don't know. The provided context doesn't mention JSON or its use in document databases. It seems to be related to graph data models and distributed storage, rather than document databases or JSON. If you provide more relevant context or clarify your question, I'd be happy to try and assist you further!"
chroma,hkunlp/instructor-xl,1000,50,llama3.2:latest,224.76902198791504,879.4375,1.5746750831604004,0.96875,arm64,How are collisions handled in a hash table?,"I don't know. The provided context appears to be related to graph data models and distributed storage, but it doesn't mention hash tables or their collision handling mechanisms. If you'd like to provide more relevant context, I'll do my best to help."
chroma,hkunlp/instructor-xl,1000,100,llama3.2:latest,200.63318395614624,320.234375,4.579215049743652,-304.375,arm64,What is Acid compliance?,"Based on the context provided, I don't have enough information to accurately answer the query about Acid compliance. The text snippets seem to be from technical documents related to databases and storage, but none of them mention Acid compliance explicitly.

However, based on general knowledge, Acid compliance refers to a set of principles that ensure atomicity, consistency, isolation, and durability (ACID) in database transactions. This concept is crucial in ensuring the reliability and consistency of database systems.

If you could provide more context or clarify which document is relevant to your query, I'd be happy to try again."
chroma,hkunlp/instructor-xl,1000,100,llama3.2:latest,200.63318395614624,320.234375,3.2033021450042725,59.5,arm64,How do you rotate a tree with a RL case?,"I don't know. The context provided appears to be about comparing the similarity of PDF documents related to graph databases, but it doesn't mention anything about rotating trees or relational models (RL). If you could provide more context or clarify your question, I'd be happy to try and help further."
chroma,hkunlp/instructor-xl,1000,100,llama3.2:latest,200.63318395614624,320.234375,7.162236928939819,-309.703125,arm64,What is a mongodb query to add a filter to a specific data value?,"Based on the provided context, I believe you're looking for information on MongoDB queries.

To answer your question, in MongoDB, you can use the `$set` operator to add a new field or update an existing one with a new value. Here's an example:

```javascript
db.collection.updateOne({ _id: ObjectId(""..."") }, { $set: { newValue: ""newValue"" } });
```

However, if you want to add a filter to a specific data value in the same document, you can use the `$inc` operator with `INCRBY`, but only on existing values. If you need to append or prepend new text to an existing field, you might need to use more complex queries involving regular expressions, string concatenation, and potentially even MongoDB's built-in text search features.

In general, it is more straightforward to add a new value to an existing document using the `$set` operator:

```javascript
db.collection.updateOne({ _id: ObjectId(""..."") }, { $set: { newValue: ""newValue"" } });
```

However MongoDB also supports `$addFields`, $inc, and  $mul operators which can be used in combination with conditional logic.

In your question, I would like to know more context."
chroma,hkunlp/instructor-xl,1000,100,llama3.2:latest,200.63318395614624,320.234375,5.262746095657349,0.84375,arm64,What is the advantage of using json in document databases?,"Based on the provided context, I don't have any information about JSON or its use in document databases. The documents mentioned seem to be related to graph databases (Neo4j) and do not cover document databases like MongoDB.

I'd need more specific information or context about the query regarding document databases, specifically the advantages of using JSON in them. If you provide that, I'll be happy to help!"
chroma,hkunlp/instructor-xl,1000,100,llama3.2:latest,200.63318395614624,320.234375,3.188991069793701,73.203125,arm64,How are collisions handled in a hash table?,"I don't know. The provided context appears to be from books related to database systems and graph databases, but it doesn't mention hash tables or their collision handling mechanisms."
chroma,hkunlp/instructor-xl,200,0,mistral:latest,249.22157311439514,51.34375,7.294733047485352,-143.921875,arm64,What is Acid compliance?," In the provided context, there's no information about ACID compliance as it doesn't relate to any of the documents or chunks mentioned. ACID (Atomicity, Consistency, Isolation, Durability) is a set of properties that guarantee reliable database transactions. It ensures that database transactions are processed reliably, even in the case of errors such as system crashes."
chroma,hkunlp/instructor-xl,200,0,mistral:latest,249.22157311439514,51.34375,11.697608232498169,30.0,arm64,How do you rotate a tree with a RL case?," I'm sorry for any confusion, but the context provided doesn't seem to be directly related to the question about rotating a tree in the context of Reinforcement Learning (RL). The documents mention Graph Data Model, Document Databases using MongoDB, and the CAP Theorem, but none of them appear to discuss RL or tree rotation.

If you're asking about rotating a tree data structure in a Reinforcement Learning context, here's a general explanation: In the context of decision making or game theory, a tree is often used as a modeling tool for representing decisions and their possible consequences, as well as the values of these outcomes. Rotation operations on such trees are used to rearrange the structure, which can be helpful in certain algorithms. However, without more specific details, I can't provide a more precise answer.

For a more detailed explanation of tree rotation in RL or any other programming-related questions, I recommend consulting resources specifically designed for those topics, such as textbooks, tutorials, or online communities focused on Reinforcement Learning and related areas."
chroma,hkunlp/instructor-xl,200,0,mistral:latest,249.22157311439514,51.34375,12.860667705535889,-20.140625,arm64,What is a mongodb query to add a filter to a specific data value?," In MongoDB, you can use the `find()` function along with the `filter` or `query` parameter to retrieve specific data based on certain conditions. To add a filter to a specific data value, you would structure your query like this:

```javascript
db.collection_name.find({field_name: specific_value});
```

For example, if you have a collection named `users` and you want to find all users with the name 'John', you would use the following query:

```javascript
db.users.find({name: 'John'});
```

If you want to return only the specific field(s), you can use the projection parameter in the `find()` function like this:

```javascript
db.collection_name.find({field_name: specific_value}, {field1: 1, field2: 1});
```

In this case, the result will only include fields `field1` and `field2`."
chroma,hkunlp/instructor-xl,200,0,mistral:latest,249.22157311439514,51.34375,14.334441900253296,-0.6875,arm64,What is the advantage of using json in document databases?," In document databases like MongoDB, JSON (JavaScript Object Notation) plays a significant role due to its flexibility and ease of use. One of the main advantages of using JSON in document databases is that it allows for the storage of semi-structured or unstructured data, making it possible to store and manipulate diverse types of information without having to conform to a strict schema. This is particularly useful when dealing with complex or evolving data structures, as changes can be easily accommodated without altering the entire structure.

Additionally, JSON's lightweight and human-readable format makes it easy for developers to work with, understand, and exchange data between different systems and applications. Furthermore, many programming languages have built-in support for parsing and manipulating JSON data, which can greatly simplify development tasks."
chroma,hkunlp/instructor-xl,200,0,mistral:latest,249.22157311439514,51.34375,10.762718915939331,-2.515625,arm64,How are collisions handled in a hash table?," In a hash table, collisions (when two or more keys have the same hash value) are typically handled using one of several methods: open addressing and chaining.

Open addressing uses probing techniques to find an empty slot when a collision occurs. There are various probing strategies such as linear probing, quadratic probing, double hashing, etc.

Chaining involves creating a linked list or array within each bucket of the hash table, where the keys with the same hash value are stored in their respective lists. In this method, each key-value pair is stored as an individual entry containing the key and its corresponding value. When a collision occurs, the new entry is simply added to the appropriate chain.

Both methods aim to minimize the likelihood of collisions and ensure efficient access to data while handling them when they do occur."
chroma,hkunlp/instructor-xl,200,50,mistral:latest,286.531907081604,125.578125,6.828361988067627,-105.109375,arm64,What is Acid compliance?," I don't know. The provided context does not seem relevant to the topic of ACID compliance. ACID is an acronym that stands for Atomicity, Consistency, Isolation, and Durability, which are properties of database transactions aimed at guaranteeing data integrity."
chroma,hkunlp/instructor-xl,200,50,mistral:latest,286.531907081604,125.578125,9.111989974975586,-26.9375,arm64,How do you rotate a tree with a RL case?," I don't have information about rotating a tree in the context provided. However, it seems that the context is related to Graph Theory and Algorithms, particularly Sparse vs Dense graphs, Breadth-First Search (BFS) vs Depth-First Search (DFS), and Shortest Path algorithms. If you're asking about rotating a tree in the context of Reinforcement Learning (RL), it would be beneficial to provide more specific details or additional context, as RL typically deals with agent-environment interactions for learning optimal policies rather than graph structures directly."
chroma,hkunlp/instructor-xl,200,50,mistral:latest,286.531907081604,125.578125,12.858412027359009,-9.09375,arm64,What is a mongodb query to add a filter to a specific data value?," In MongoDB, to add a filter for a specific data value in a collection, you can use the `find()` method along with the filtering operator `$eq`. Here's an example of adding a filter for a specific data value (let's say 'value') using MongoDB syntax:

```javascript
db.collectionName.find({ fieldName: 'value' });
```

In this example, replace `collectionName` with the name of your actual collection and `fieldName` with the name of the field containing the data value you are filtering. The result will be a cursor that contains all documents in the collection where the specified field matches the given value."
chroma,hkunlp/instructor-xl,200,50,mistral:latest,286.531907081604,125.578125,16.745398998260498,-24.125,arm64,What is the advantage of using json in document databases?," I don't have direct access or context about the advantages of using JSON in document databases. However, some common advantages include:

1. Easier data representation: JSON is a lightweight data interchange format that is easy for humans to read and write, making it straightforward to transfer data between client and server-side applications.
2. Schema-less structure: JSON documents do not have a predefined schema, meaning they can store and manipulate diverse types of data without the need for explicit mapping or upfront design work. This flexibility allows document databases to adapt more quickly to changing application requirements.
3. Scalability: Document databases are designed to handle large amounts of unstructured or semi-structured data in a scalable manner, making them ideal for applications with rapidly growing datasets.
4. Performance optimizations: Document databases can perform well on read and write operations, thanks to features like indexing, aggregation, and built-in query optimization algorithms that are tailored for JSON data structures.
5. Rich query capabilities: Many document databases provide powerful query languages (such as MongoDB's aggregation pipeline) that allow developers to efficiently analyze and manipulate their data in a flexible manner."
chroma,hkunlp/instructor-xl,200,50,mistral:latest,286.531907081604,125.578125,17.7848961353302,3.25,arm64,How are collisions handled in a hash table?, I don't know. The provided context does not discuss or imply the handling of collisions in a hash table.
chroma,hkunlp/instructor-xl,200,100,mistral:latest,349.9937868118286,247.65625,7.6013782024383545,-265.40625,arm64,What is Acid compliance?," I don't have specific information about ACID compliance in the provided context. However, ACID stands for Atomicity, Consistency, Isolation, and Durability. These are properties that ensure that database transactions are processed reliably. The ACID model is a key concept in traditional relational databases. If more specific context related to ACID compliance is provided, I can try to give a more accurate answer."
chroma,hkunlp/instructor-xl,200,100,mistral:latest,349.9937868118286,247.65625,8.8927161693573,16.953125,arm64,How do you rotate a tree with a RL case?," I don't have specific information about how to rotate a tree in the context provided, as there is no direct reference to Reinforcement Learning (RL) or tree rotation in any of the documents. However, if we generalize, trees in a graph database like Neo4j can be manipulated using various operations such as adding, removing, and updating nodes and relationships. If you are referring to a Rotatable Tree (RTree) in Reinforcement Learning, it's a spatial data structure that allows efficient handling of multi-dimensional data. However, the exact procedure for rotating an RTree in the context of RL isn't detailed in the provided documents. I recommend looking up resources specific to your query for more accurate information."
chroma,hkunlp/instructor-xl,200,100,mistral:latest,349.9937868118286,247.65625,13.74280595779419,-16.0625,arm64,What is a mongodb query to add a filter to a specific data value?," In MongoDB, you can use filters when querying data, but to add or insert new data with a filter condition, you need to use conditional statements within the JavaScript code. Here's an example of how to insert a document only if it doesn't already exist and matches a specific condition:

```javascript
db.collection.updateOne(
    { field: value },
    { $set: { field: newValue } },
    { upsert: true }
)
```

In this example, replace `collection` with the name of your collection, `field` and `value` with the specific data you want to filter, and `newValue` with the value you want to set if the document doesn't exist or matches the condition. The `upsert: true` option ensures that a new document will be created if no matching document is found.

If you only want to check for existence and perform an insert without updating any values, use `insertOne()` instead of `updateOne()`. Here's an example:

```javascript
db.collection.insertOne(
    { field: value },
    { upsert: true }
)
```"
chroma,hkunlp/instructor-xl,200,100,mistral:latest,349.9937868118286,247.65625,8.095002889633179,15.0625,arm64,What is the advantage of using json in document databases?," The advantage of using JSON in document databases lies primarily in its ability to store and transport data in a lightweight, human-readable format that's easy to work with for both humans and machines. This simplicity makes it an ideal choice for storing complex, nested data structures efficiently.

In the context provided, there's no specific document mentioning the advantages of using JSON directly, but the concept is generally associated with NoSQL databases (as discussed in 05 - NoSQL Intro + KV DBs.pdf). The PDF you mentioned doesn't seem to focus on the specific benefits of JSON, but rather an introduction to NoSQL databases and key-value stores."
chroma,hkunlp/instructor-xl,200,100,mistral:latest,349.9937868118286,247.65625,11.270584106445312,1.1875,arm64,How are collisions handled in a hash table?," Collisions in a hash table are handled using various methods to ensure the uniqueness of keys when multiple keys map to the same index (hash value). The most common techniques for resolving collisions are linear probing, quadratic probing, double hashing, and open addressing with chaining.

When using open addressing with no chaining, methods like linear probing move to the next available slot along the probe sequence until an empty slot is found or a maximum number of probes is reached. If chaining is used, multiple keys can be stored at each index by creating a linked list at that position containing all colliding keys.

In a more complex hash table implementation like Neo4j, which uses a custom data structure called the ""Hashing wheel"" or ""Hash-arrays mapped to sets (HashMapTrie),"" collisions are handled in a similar manner, but with optimizations tailored for graph databases and property graphs.

In the given context, the documents don't directly address the concept of collision handling in hash tables. However, understanding hash tables is fundamental to working with data structures like the ones used by Neo4j, so you might find relevant information in those documents indirectly or when studying related topics."
chroma,hkunlp/instructor-xl,500,0,mistral:latest,215.70418214797974,104.953125,12.702735185623169,-147.484375,arm64,What is Acid compliance?," ACID compliance stands for Atomicity, Consistency, Isolation, and Durability. These are a set of properties that guarantee reliable and consistent transactions in a database system. The term ""ACID"" was first used by Jim Gray in 1983 to describe the requirements of a transaction processing system.

   - **Atomicity**: A transaction is considered atomic if it's treated as a single, indivisible unit. This means that if any part of an operation fails, then the entire operation fails and leaves the database in a consistent state.

   - **Consistency**: The database must be in a valid state before the transaction begins and after it completes. Consistency rules ensure that transactions follow all business rules defined by the application.

   - **Isolation**: Each transaction is isolated from other concurrent transactions, ensuring that there are no inconsistent intermediate states seen during the execution of multiple transactions at once.

   - **Durability**: Once a transaction has been committed, its changes should be permanent and remain intact in case of any system failure or power loss.

Understanding ACID compliance is essential when dealing with database systems, as it ensures data integrity and reliability for applications that require transactions to complete successfully and consistently."
chroma,hkunlp/instructor-xl,500,0,mistral:latest,215.70418214797974,104.953125,7.156462907791138,-0.265625,arm64,How do you rotate a tree with a RL case?," I don't know. The provided context does not seem to provide information about rotating a tree in the context of Reinforcement Learning (RL). It appears to be related to databases and graph databases specifically, and there is no mention or implication of RL or tree rotation within these documents."
chroma,hkunlp/instructor-xl,500,0,mistral:latest,215.70418214797974,104.953125,11.034294843673706,9.984375,arm64,What is a mongodb query to add a filter to a specific data value?," In MongoDB, you can filter data based on specific values using various query operators. Here's an example of how to add a filter for a specific data value using the `$eq` operator in a find query:

```javascript
db.collection.find({ field: value })
```

In this example, `db.collection` is your MongoDB collection, `field` is the name of the field you want to filter by, and `value` is the specific data value you're looking for. For instance, if you have a collection called ""books"" and you want to find all books where the author is ""J.K. Rowling"", you would use:

```javascript
db.books.find({ author: ""J.K. Rowling"" })
```"
chroma,hkunlp/instructor-xl,500,0,mistral:latest,215.70418214797974,104.953125,9.612123966217041,8.875,arm64,What is the advantage of using json in document databases?," The advantage of using JSON in document databases lies primarily in its flexibility and ease of use. JSON (JavaScript Object Notation) is a lightweight data interchange format that is easy for humans to read and write and easy for machines to parse and generate. This makes it an ideal choice for storing and retrieving structured and semi-structured data, which is often the case in modern applications.

In a document database like MongoDB or Couchbase, each document (or record) is stored as a JSON object. This means that you can store complex data structures without having to normalize your data as much as you would in a relational database, making it easier to work with complex, evolving data models. Additionally, because JSON is a standard format, you can easily exchange data between different systems and languages."
chroma,hkunlp/instructor-xl,500,0,mistral:latest,215.70418214797974,104.953125,7.767788887023926,61.015625,arm64,How are collisions handled in a hash table?," Collisions in a hash table are handled using various methods such as Chaining or Open Addressing. In Chaining, each slot of the array (or bucket) can hold more than one key-value pair. When a collision occurs, instead of overwriting the existing value, a linked list is created and both keys and their corresponding values are added to this list.

In Open Addressing, probing techniques like Linear Probing or Quadratic Probing are used when collisions occur. The hash function will be applied again starting from an offset (probing step) based on the position of the collision. If the new position is already occupied, the process continues with the next probe until an empty slot is found.

In both cases, it's essential to ensure good distribution of keys so that collisions are minimized, thus maintaining efficiency in lookups and insertions."
chroma,hkunlp/instructor-xl,500,50,mistral:latest,216.8607828617096,50.34375,7.432690858840942,-155.953125,arm64,What is Acid compliance?," I don't have specific information related to ACID compliance in the provided contexts. However, ACID is a set of properties that guarantee transactional consistency in a database system, which stands for Atomicity, Consistency, Isolation, and Durability. These properties ensure that transactions are processed reliably within the database."
chroma,hkunlp/instructor-xl,500,50,mistral:latest,216.8607828617096,50.34375,7.910532236099243,23.609375,arm64,How do you rotate a tree with a RL case?," I don't know. The provided context does not contain any information about rotating a tree in the context of Reinforcement Learning (RL) or any other programming scenario. If you need help related to Reinforcement Learning, I would be happy to assist with that!"
chroma,hkunlp/instructor-xl,500,50,mistral:latest,216.8607828617096,50.34375,15.365127325057983,-16.875,arm64,What is a mongodb query to add a filter to a specific data value?," In MongoDB, you can't directly add a filter to a specific data value like you would in SQL using the WHERE clause. Instead, you use query operators to find documents (rows) based on certain conditions. Here is an example of a simple query that filters data:

```javascript
db.collection.find({ field_name: value })
```

Replace `collection` with the name of your MongoDB collection, and replace `field_name` with the field (column) you want to filter by, and `value` with the specific value you're looking for. For example:

```javascript
db.users.find({ age: 25 })
```

This query will return all documents in the 'users' collection where the 'age' field is equal to 25.

If you want to perform more complex filtering, you can use logical operators (AND, OR), comparison operators, regular expressions, etc. Check out the [MongoDB Query Documentation](https://docs.mongodb.com/manual/reference/operator/query/) for a complete list of available query operators and syntax."
chroma,hkunlp/instructor-xl,500,50,mistral:latest,216.8607828617096,50.34375,12.72957992553711,-8.671875,arm64,What is the advantage of using json in document databases?," The advantage of using JSON in document databases lies primarily in its ability to store and manipulate structured and semi-structured data efficiently, such as objects and arrays. This makes it an excellent choice for handling dynamic, complex, and evolving data structures commonly found in web applications, IoT devices, and other modern systems.

Furthermore, JSON's human-readable format enhances developer productivity by simplifying data exchange between the application and database layers. Lastly, document databases that utilize JSON often provide flexible schema design, meaning you don't have to define a rigid schema upfront but can evolve it as your application grows or changes over time."
chroma,hkunlp/instructor-xl,500,50,mistral:latest,216.8607828617096,50.34375,8.283891916275024,5.671875,arm64,How are collisions handled in a hash table?," Collisions in a hash table are handled using various methods such as Chaining (also known as open addressing), Hashing with Separate Chaining, and Double Hashing. These techniques ensure that even if two keys have the same hash value (a collision occurs), the data can still be retrieved efficiently. The specific method used to handle collisions depends on the implementation of the hash table."
chroma,hkunlp/instructor-xl,500,100,mistral:latest,220.24157905578613,249.234375,10.166281938552856,-66.28125,arm64,What is Acid compliance?," I don't know. The provided context does not contain information about Acid compliance. Acid compliance refers to a set of properties defined for a database management system to ensure it handles transactions appropriately, namely Atomicity, Consistency, Isolation, and Durability (ACID)."
chroma,hkunlp/instructor-xl,500,100,mistral:latest,220.24157905578613,249.234375,9.906723022460938,-191.421875,arm64,How do you rotate a tree with a RL case?," I don't have information in the provided context about rotating a tree using Reinforcement Learning (RL). Rotating a tree in the context of graph theory or data structures is not directly related to RL, which is a machine learning technique for making decisions by taking actions in an environment. If you need help with reinforcement learning or rotating trees in the context of graphs or programming, I'd be happy to assist! For rotating trees using reinforcement learning, I would recommend resources on deep reinforcement learning algorithms or tree-based data structures and their manipulation."
chroma,hkunlp/instructor-xl,500,100,mistral:latest,220.24157905578613,249.234375,10.780304193496704,67.75,arm64,What is a mongodb query to add a filter to a specific data value?," I don't have real-time access to a database or the ability to run commands, but I can tell you how to create a MongoDB query to filter data based on a specific value. Here is an example using the `find()` function with a filter condition:

```javascript
db.collection.find({ attribute_name: specific_value });
```

Replace `collection` with your collection name, `attribute_name` with the name of the field you want to filter by, and `specific_value` with the value you are looking for.

For example, if you have a collection named `users` and you want to find all users with an age of 30:

```javascript
db.users.find({age: 30});
```"
chroma,hkunlp/instructor-xl,500,100,mistral:latest,220.24157905578613,249.234375,13.012859106063843,-60.28125,arm64,What is the advantage of using json in document databases?," I don't have access to the provided context documents to find specific information about the advantages of using JSON in document databases. However, JSON (JavaScript Object Notation) is widely used in document databases due to its lightweight, human-readable format and the ease with which it can be processed by various programming languages, including JavaScript, Python, and PHP.

Some key benefits of using JSON in document databases are:

1. Easy data representation: JSON allows for simple data representation, making it easy to work with complex data structures.
2. Flexibility: JSON supports a wide variety of data types, such as numbers, strings, arrays, and even nested objects, providing flexibility in storing and manipulating data.
3. Portability: Since JSON is language-agnostic, data can be easily shared across different platforms and applications without worrying about compatibility issues.
4. Performance: Many document databases, like MongoDB, optimize the storage of JSON documents for efficient querying and indexing, leading to improved performance.
5. Scalability: Document databases built around JSON can scale well due to their flexible data model, making them suitable for handling large datasets with varying structures."
chroma,hkunlp/instructor-xl,500,100,mistral:latest,220.24157905578613,249.234375,7.062334060668945,-21.703125,arm64,How are collisions handled in a hash table?," I don't have specific information about how collisions are handled in a hash table within the provided context. However, in general, when multiple keys hash to the same index (a collision), there are several strategies to handle it such as chaining, open addressing, and using a separate hash table. Each strategy has its own advantages and disadvantages in terms of space complexity, time complexity, and simplicity."
chroma,hkunlp/instructor-xl,1000,0,mistral:latest,228.09282803535461,683.234375,8.211389064788818,-45.609375,arm64,What is Acid compliance?," ACID compliance refers to a set of properties that ensure data integrity in a database system. It stands for Atomicity, Consistency, Isolation, and Durability. These properties are essential for maintaining the reliability and robustness of a database system during transactions. However, the provided context does not discuss or mention ACID compliance, hence it is not directly related to this query."
chroma,hkunlp/instructor-xl,1000,0,mistral:latest,228.09282803535461,683.234375,9.971389055252075,-763.46875,arm64,How do you rotate a tree with a RL case?," I don't have information in the provided context about how to rotate a tree using Reinforcement Learning (RL). However, reinforcement learning is a type of machine learning algorithm that allows an agent to learn from its interactions with the environment. It is typically used in situations where making the right decision at each time step can maximize a long-term reward. In the context of data structures like trees, reinforcement learning could potentially be used to optimize various operations or to make decisions based on certain criteria, but it wouldn't directly involve rotating a tree as such. To understand how to rotate a tree in a specific programming language or problem domain, you might want to refer to resources that focus on data structures and algorithms."
chroma,hkunlp/instructor-xl,1000,0,mistral:latest,228.09282803535461,683.234375,10.706904172897339,370.515625,arm64,What is a mongodb query to add a filter to a specific data value?," In MongoDB, you can't directly use a filter during the insertion of data like you do in Neo4j using Cypher queries. However, you can achieve this by updating existing documents with a `$set` operator. Here's an example of how to add a filter to a specific data value in MongoDB:

```javascript
db.collection.updateMany(
   { fieldToFilter: oldValue }, // replace 'fieldToFilter' and 'oldValue' with your field name and the value you want to filter
   { $set: { fieldName: newValue } }  // replace 'fieldName' with your desired field name and 'newValue' with the new value
);
```
This command will update all documents in the specified collection where `fieldToFilter` equals `oldValue`, setting their `fieldName` to `newValue`."
chroma,hkunlp/instructor-xl,1000,0,mistral:latest,228.09282803535461,683.234375,5.801517963409424,-277.125,arm64,What is the advantage of using json in document databases?," The advantage of using JSON in document databases lies primarily in its ability to store and transport data in a lightweight, human-readable format. This simplicity makes it easy for developers to work with and understand the data structure. In a document database like MongoDB, each document is essentially a JavaScript object, which can be easily encoded and decoded using JSON. This allows for flexible schema design as well as efficient querying of complex, nested, and semi-structured data."
chroma,hkunlp/instructor-xl,1000,0,mistral:latest,228.09282803535461,683.234375,6.061279058456421,-26.640625,arm64,How are collisions handled in a hash table?," Collisions in a hash table are handled using various techniques to ensure that each key has a unique location for its associated value. The two most common methods for dealing with collisions are open addressing and linked lists (separate chaining). In open addressing, when a collision occurs, the probing sequence is used to find an empty slot where the new key-value pair can be stored. In separate chaining, each bucket in the hash table contains a list of key-value pairs that correspond to keys with the same hash value. When a collision occurs, both keys are added to the same linked list. The choice between open addressing and separate chaining depends on factors like the expected number of collisions, the size of the table, and the specific implementation requirements."
chroma,hkunlp/instructor-xl,1000,50,mistral:latest,201.16726279258728,1216.984375,7.349739074707031,-845.765625,arm64,What is Acid compliance?," I don't know the specific context provided does not mention ACID compliance. However, ACID stands for Atomicity, Consistency, Isolation, and Durability which are properties of a database transaction intended to guarantee reliable and predictable outcomes. These properties ensure that database transactions are processed reliably in the presence of errors or system failures. If a system follows these properties, it is said to be ACID-compliant. This concept is crucial for relational databases but can also apply to other data models including graph databases like Neo4j, depending on how they are configured and used."
chroma,hkunlp/instructor-xl,1000,50,mistral:latest,201.16726279258728,1216.984375,5.569730997085571,-433.140625,arm64,How do you rotate a tree with a RL case?," I don't have information about rotating a tree in the context provided, as it seems to be focused on Graph Data Model (Introduction to Graph Data Model), MongoDB (Document DBs and Mongo.pdf), and Neo4j (Neo4j.pdf) without specific details about Reinforcement Learning (RL). If you have more context or information related to RL, I'd be happy to help explore that topic!"
chroma,hkunlp/instructor-xl,1000,50,mistral:latest,201.16726279258728,1216.984375,11.87179183959961,-16.578125,arm64,What is a mongodb query to add a filter to a specific data value?," I don't have the specific context to provide an exact MongoDB query example for adding a filter to a specific data value. However, in general terms, you can use the `.find()` method with a filter in MongoDB queries. Here's a basic example:

```javascript
db.collection.find({ field_name: specific_value })
```

In this example, replace `db`, `collection`, and `field_name` with the appropriate database, collection name, and field name for your use case, and `specific_value` with the value you want to filter by. For more complex filters, you can use logical operators like `$gt` (greater than), `$lt` (less than), `$eq` (equal to), `$ne` (not equal to), etc., along with conditional statements and array operations.

For a complete understanding of MongoDB query syntax and advanced usage, I recommend checking out the official documentation: https://docs.mongodb.com/manual/query/"
chroma,hkunlp/instructor-xl,1000,50,mistral:latest,201.16726279258728,1216.984375,5.502070188522339,24.0,arm64,What is the advantage of using json in document databases?," The advantage of using JSON in Document Databases lies primarily in its ability to store and transfer data in a flexible, human-readable format. JSON (JavaScript Object Notation) allows for the easy representation of complex structures, such as arrays and nested objects, making it simple to model and work with real-world data. This ease of use can lead to improved developer productivity and simplified application development when working with Document Databases, such as MongoDB."
chroma,hkunlp/instructor-xl,1000,50,mistral:latest,201.16726279258728,1216.984375,7.744448184967041,352.109375,arm64,How are collisions handled in a hash table?," Collisions in a hash table are handled using various methods to store multiple keys that hash to the same index, which is known as a collision. The most common ways to handle collisions include chaining (using linked lists or arrays) and open addressing (using probing strategies). In a chaining approach, each slot in the table contains a list of values, and when a collision occurs, the new value is appended to the list. Open addressing methods involve rehashing values based on different hash functions until an empty slot is found. The specific method used can depend on factors like the application's requirements, expected number of collisions, and efficiency considerations. Unfortunately, the provided context does not contain information related to hash tables or collision handling in a hash table."
chroma,hkunlp/instructor-xl,1000,100,mistral:latest,203.53424310684204,1321.40625,6.146779298782349,-1180.234375,arm64,What is Acid compliance?," In the provided context, there is no mention or discussion about ACID compliance. ACID stands for Atomicity, Consistency, Isolation, and Durability, which are properties of a database transaction intended to guarantee reliable processing of data updates or modifications. If more specific context or information is available regarding the documents, I may be able to provide a more accurate answer. However, without additional context, I don't know about ACID compliance in this particular case."
chroma,hkunlp/instructor-xl,1000,100,mistral:latest,203.53424310684204,1321.40625,4.887378931045532,-248.125,arm64,How do you rotate a tree with a RL case?," I don't know. The context provided does not contain information about rotating a tree in the context of Reinforcement Learning (RL). The documents you shared discuss Key-Value Databases, Document Databases, and PyMongo, but there is no mention of trees or RL for rotating them. If you have more specific details or a different context, I'd be happy to help!"
chroma,hkunlp/instructor-xl,1000,100,mistral:latest,203.53424310684204,1321.40625,9.355945110321045,-239.0625,arm64,What is a mongodb query to add a filter to a specific data value?," I don't have the context to provide an exact MongoDB query for your question. However, generally speaking, in MongoDB you can use filters in a $match stage of an aggregation pipeline or in the query filter when working with find() method. Here is an example:

```javascript
db.collection.find({field_name: ""specific_value""});
```

Replace `db`, `collection`, and `field_name` with your MongoDB instance name, collection name, and the field for which you want to filter respectively. Replace `""specific_value""` with the specific data value you're interested in. If you need more complex filters, you can use operators like $gt (greater than), $lt (less than), $eq (equal to), $ne (not equal to), etc., in your query."
chroma,hkunlp/instructor-xl,1000,100,mistral:latest,203.53424310684204,1321.40625,5.046438217163086,-1.859375,arm64,What is the advantage of using json in document databases?," The advantages of using JSON in document databases include its flexibility, ease of use, and efficient data handling. Since a document database stores data as semi-structured or structured JSON documents, it allows for flexible schema design, as opposed to traditional relational databases that require a fixed schema. This makes it easier to store and retrieve complex, nested data structures, which is particularly useful in web applications where data can be highly variable. Furthermore, JSON is easily readable by humans and machine-parsable, making it convenient for developers during development and maintenance."
chroma,hkunlp/instructor-xl,1000,100,mistral:latest,203.53424310684204,1321.40625,9.863104104995728,2.234375,arm64,How are collisions handled in a hash table?," Collisions in a hash table are typically handled using one of the following methods: Chaining (also known as open addressing), Hashing with Overflow (or Separate Chaining), or Double Hashing. In these methods, when a collision occurs (when two keys produce the same hash value), the next step is to find an empty slot where the data can be stored. The exact method used to do this depends on the specific implementation of the hash table.

For example, in chaining, when a collision occurs, a linked list is maintained at the index location. Each time a new key-value pair needs to be inserted, it is added to the end of the list associated with that index (the slot where the collision occurred). In hashing with overflow, an array is used as the underlying data structure, and when a collision occurs, the next empty slot is searched for within the same block. If no empty slot can be found within the block, then the search continues in the following blocks until an empty slot is found.

In Double Hashing, two hash functions are employed, one for the primary hash computation, and another to help resolve collisions when a collision occurs by recomputing the index location based on the secondary hash function. The idea is to reduce the chances of collisions, but it does not guarantee that there will be no collisions.

The given context does not mention anything specific about collisions in a hash table; hence, I don't know if these topics are related to your query."
